2024,Pacers
2024,Knicks
2024,Mavericks
2024,Thunder
2024,Timberwolves
2024,Nuggets
2024,Celtics
2024,Cavaliers
2023,Heat
2023,Knicks
2023,Celtics
2023,76ers
2023,Nuggets
2023,Suns
2023,Lakers
2023,Warriors
2022,Celtics
2022,Bucks
2022,Heat
2022,76ers
2022,Mavericks
2022,Suns
2022,Warriors
2022,Grizzlies
2021,Bucks
2021,Nets
2021,Hawks
2021,76ers
2021,Suns
2021,Nuggets
2021,Clippers
2021,Jazz
2020,Celtics
2020,Raptors
2020,Heat
2020,Bucks
2020,Nuggets
2020,Clippers
2020,Lakers
2020,Rockets
2019,Bucks
2019,Celtics
2019,Raptors
2019,76ers
2019,Warriors
2019,Rockets
2019,Blazers
2019,Nuggets
2018,Warriors
2018,Pelicans
2018,Rockets
2018,Jazz
2018,Celtics
2018,76ers
2018,Cavaliers
2018,Raptors
2017,Cavaliers
2017,Raptors
2017,Celtics
2017,Wizards
2017,Warriors
2017,Jazz
2017,Spurs
2017,Rockets
2016,Cavaliers
2016,Hawks
2016,Raptors
2016,Heat
2016,Warriors
2016,Blazers
2016,Thunder
2016,Spurs
2015,Cavaliers
2015,Bulls
2015,Hawks
2015,Wizards
2015,Rockets
2015,Clippers
2015,Warriors
2015,Grizzlies
